{"_id":{"$oid":"5ea3e8dfd0cd003258f48c21"},"title":"读书的人生很甜美","img":"/public/img/article/a1.jpg","article":"<p>有人认为：群书为山，登山能高瞻远瞩；群书为海，搏海能锻体炼魄；群书为矿，采矿能聚富集财。笔者读书几十载，切身的体会是：只要你深深爱她，书是诚挚的朋友，能与你结缘；书是智慧的世界，能把你的人生之路展现。</p><p>随着年龄的增加，笔者“夕阳无限好，只是近黄昏”的感觉格外浓烈，下一步嘛就是候着到另一个世界去生活啰。犹如专业运动员，退役后只能在如火如荼的正式竞技比赛场外望洋兴叹，难免有些许惆怅之憾。某天外出办事后顺路到一个朋友家玩，见其新买了一本海伦·凯勒写的书《假如给我三天光明》。朋友说自己年老体弱，这段时间情绪欠佳，昨天闲逛书店，一个中年男营业员问需要买啥书？他咕咙道想买本振奋精神的书看看。中年男营业员热情地介绍了这本书。买来还没开始阅读。边嗅着书独有的香气边信手翻看，感觉有些意思。因为属铁哥们，就不讲规矩啦，赖着先借来看看。海伦·凯勒一岁多时因病造成盲聋哑，使其变得性情乘张桀骜不驯。在老师多年的耐心帮助下，她从七岁开始自强不息，经过艰辛的努力，学会了口语和写作，成为了著名的作家、教育家、慈善家、社会活动家，享年88岁，被美国《时代周刊》评为美国十大英雄偶像之一，荣获“总统自由勋章”等奖项。后来把借的还了，干脆自买了一本，又重新看了好几遍，每看一遍都心如潮涌，又四处寻觅她另外的著作阅读。</p>","__v":0}
{"_id":{"$oid":"5ea3e8dfd0cd003258f48c22"},"title":"读书的境界","img":"/public/img/article/a2.jpg","article":"<p'>随着年龄的增加，笔者“夕阳无限好，只是近黄昏”的感觉格外浓烈，下一步嘛就是候着到另一个世界去生活啰。犹如专业运动员，退役后只能在如火如荼的正式竞技比赛场外望洋兴叹，难免有些许惆怅之憾。某天外出办事后顺路到一个朋友家玩，见其新买了一本海伦·凯勒写的书《假如给我三天光明》。朋友说自己年老体弱，这段时间情绪欠佳，昨天闲逛书店，一个中年男营业员问需要买啥书？他咕咙道想买本振奋精神的书看看。中年男营业员热情地介绍了这本书。买来还没开始阅读。边嗅着书独有的香气边信手翻看，感觉有些意思。因为属铁哥们，就不讲规矩啦，赖着先借来看看。海伦·凯勒一岁多时因病造成盲聋哑，使其变得性情乘张桀骜不驯。在老师多年的耐心帮助下，她从七岁开始自强不息，经过艰辛的努力，学会了口语和写作，成为了著名的作家、教育家、慈善家、社会活动家，享年88岁，被美国《时代周刊》评为美国十大英雄偶像之一，荣获“总统自由勋章”等奖项。后来把借的还了，干脆自买了一本，又重新看了好几遍，每看一遍都心如潮涌，又四处寻觅她另外的著作阅读。读罢她写的好几本书，情不自禁地写下了有四十行长的诗“海伦·凯勒印象”。</p>","__v":0}
{"_id":{"$oid":"5ea3e8dfd0cd003258f48c23"},"title":"享受读书的乐趣 ","img":"/public/img/article/a3.jpg","article":"<p>从孩提时代起，书就成为我的玩伴，每一天陪着我遨游在知识的海洋里。童年时代的我，因为需要上学，所以书便每一天跟随我奔波于学校和家之间。现如今，我已迈入中学的大门，走出天真烂漫的童话时代，一篇篇生动优美、清新质朴的美文如磁铁般吸引了我，看着它们，我领略了别人不一样的生活，足不出户却可纵观世界。读书给我带来了无尽的欢乐，更重要的是它教会了我如何热爱他人、热爱生命！书中的大千世界令人神往，它令我充满对未来的憧憬，助我鼓起挑战未来的勇气，我自信地向自己喊到：向前冲！</p> <p>中学时代，《钢铁是怎样炼成的》《巴金选集》《上下五千年》闯进了我的生活，阅历的进一步扩大，让我学会了思考。读一本好书就如在同一个高贵的人谈话，一本本好书给我的心灵上了一堂堂非同寻常的课。对生活的赞美，对生命的热爱。对人生的感悟，让我真切地意识到，只有不断拼搏、不断奋斗的人生才最有价值。富国强民的神圣使命需要我们去完成，不容变更的人生目标让我感到每一天都很充实，而这一切都是读书带给我的。读书点燃我心中的激情，插上我青春的翅膀，推动我向未来奋飞。</p><p>我爱读书，因为读书能够扩大我的视野，让我的写作水平得到进一步提高；我爱读书，因为我喜欢书中那些优美的文章段落，它能够陶冶情操，让我的情绪愉快。</p>","__v":0}
{"_id":{"$oid":"5ea3e8dfd0cd003258f48c24"},"title":"读书的人生很甜美","img":"/public/img/article/a1.jpg","article":"<p>有人认为：群书为山，登山能高瞻远瞩；群书为海，搏海能锻体炼魄；群书为矿，采矿能聚富集财。笔者读书几十载，切身的体会是：只要你深深爱她，书是诚挚的朋友，能与你结缘；书是智慧的世界，能把你的人生之路展现。</p><p>随着年龄的增加，笔者“夕阳无限好，只是近黄昏”的感觉格外浓烈，下一步嘛就是候着到另一个世界去生活啰。犹如专业运动员，退役后只能在如火如荼的正式竞技比赛场外望洋兴叹，难免有些许惆怅之憾。某天外出办事后顺路到一个朋友家玩，见其新买了一本海伦·凯勒写的书《假如给我三天光明》。朋友说自己年老体弱，这段时间情绪欠佳，昨天闲逛书店，一个中年男营业员问需要买啥书？他咕咙道想买本振奋精神的书看看。中年男营业员热情地介绍了这本书。买来还没开始阅读。边嗅着书独有的香气边信手翻看，感觉有些意思。因为属铁哥们，就不讲规矩啦，赖着先借来看看。海伦·凯勒一岁多时因病造成盲聋哑，使其变得性情乘张桀骜不驯。在老师多年的耐心帮助下，她从七岁开始自强不息，经过艰辛的努力，学会了口语和写作，成为了著名的作家、教育家、慈善家、社会活动家，享年88岁，被美国《时代周刊》评为美国十大英雄偶像之一，荣获“总统自由勋章”等奖项。后来把借的还了，干脆自买了一本，又重新看了好几遍，每看一遍都心如潮涌，又四处寻觅她另外的著作阅读。</p>","__v":0}
{"_id":{"$oid":"5ea3e8dfd0cd003258f48c25"},"title":"读书的境界","img":"/public/img/article/a2.jpg","article":"<p'>随着年龄的增加，笔者“夕阳无限好，只是近黄昏”的感觉格外浓烈，下一步嘛就是候着到另一个世界去生活啰。犹如专业运动员，退役后只能在如火如荼的正式竞技比赛场外望洋兴叹，难免有些许惆怅之憾。某天外出办事后顺路到一个朋友家玩，见其新买了一本海伦·凯勒写的书《假如给我三天光明》。朋友说自己年老体弱，这段时间情绪欠佳，昨天闲逛书店，一个中年男营业员问需要买啥书？他咕咙道想买本振奋精神的书看看。中年男营业员热情地介绍了这本书。买来还没开始阅读。边嗅着书独有的香气边信手翻看，感觉有些意思。因为属铁哥们，就不讲规矩啦，赖着先借来看看。海伦·凯勒一岁多时因病造成盲聋哑，使其变得性情乘张桀骜不驯。在老师多年的耐心帮助下，她从七岁开始自强不息，经过艰辛的努力，学会了口语和写作，成为了著名的作家、教育家、慈善家、社会活动家，享年88岁，被美国《时代周刊》评为美国十大英雄偶像之一，荣获“总统自由勋章”等奖项。后来把借的还了，干脆自买了一本，又重新看了好几遍，每看一遍都心如潮涌，又四处寻觅她另外的著作阅读。读罢她写的好几本书，情不自禁地写下了有四十行长的诗“海伦·凯勒印象”。</p>","__v":0}
{"_id":{"$oid":"5ea3e8dfd0cd003258f48c26"},"title":"享受读书的乐趣 ","img":"/public/img/article/a3.jpg","article":"<p>从孩提时代起，书就成为我的玩伴，每一天陪着我遨游在知识的海洋里。童年时代的我，因为需要上学，所以书便每一天跟随我奔波于学校和家之间。现如今，我已迈入中学的大门，走出天真烂漫的童话时代，一篇篇生动优美、清新质朴的美文如磁铁般吸引了我，看着它们，我领略了别人不一样的生活，足不出户却可纵观世界。读书给我带来了无尽的欢乐，更重要的是它教会了我如何热爱他人、热爱生命！书中的大千世界令人神往，它令我充满对未来的憧憬，助我鼓起挑战未来的勇气，我自信地向自己喊到：向前冲！</p> <p>中学时代，《钢铁是怎样炼成的》《巴金选集》《上下五千年》闯进了我的生活，阅历的进一步扩大，让我学会了思考。读一本好书就如在同一个高贵的人谈话，一本本好书给我的心灵上了一堂堂非同寻常的课。对生活的赞美，对生命的热爱。对人生的感悟，让我真切地意识到，只有不断拼搏、不断奋斗的人生才最有价值。富国强民的神圣使命需要我们去完成，不容变更的人生目标让我感到每一天都很充实，而这一切都是读书带给我的。读书点燃我心中的激情，插上我青春的翅膀，推动我向未来奋飞。</p><p>我爱读书，因为读书能够扩大我的视野，让我的写作水平得到进一步提高；我爱读书，因为我喜欢书中那些优美的文章段落，它能够陶冶情操，让我的情绪愉快。</p>","__v":0}
{"_id":{"$oid":"5ea3e8e3d0cd003258f48c27"},"title":"读书的人生很甜美","img":"/public/img/article/a1.jpg","article":"<p>有人认为：群书为山，登山能高瞻远瞩；群书为海，搏海能锻体炼魄；群书为矿，采矿能聚富集财。笔者读书几十载，切身的体会是：只要你深深爱她，书是诚挚的朋友，能与你结缘；书是智慧的世界，能把你的人生之路展现。</p><p>随着年龄的增加，笔者“夕阳无限好，只是近黄昏”的感觉格外浓烈，下一步嘛就是候着到另一个世界去生活啰。犹如专业运动员，退役后只能在如火如荼的正式竞技比赛场外望洋兴叹，难免有些许惆怅之憾。某天外出办事后顺路到一个朋友家玩，见其新买了一本海伦·凯勒写的书《假如给我三天光明》。朋友说自己年老体弱，这段时间情绪欠佳，昨天闲逛书店，一个中年男营业员问需要买啥书？他咕咙道想买本振奋精神的书看看。中年男营业员热情地介绍了这本书。买来还没开始阅读。边嗅着书独有的香气边信手翻看，感觉有些意思。因为属铁哥们，就不讲规矩啦，赖着先借来看看。海伦·凯勒一岁多时因病造成盲聋哑，使其变得性情乘张桀骜不驯。在老师多年的耐心帮助下，她从七岁开始自强不息，经过艰辛的努力，学会了口语和写作，成为了著名的作家、教育家、慈善家、社会活动家，享年88岁，被美国《时代周刊》评为美国十大英雄偶像之一，荣获“总统自由勋章”等奖项。后来把借的还了，干脆自买了一本，又重新看了好几遍，每看一遍都心如潮涌，又四处寻觅她另外的著作阅读。</p>","__v":0}
{"_id":{"$oid":"5ea3e8e3d0cd003258f48c28"},"title":"读书的境界","img":"/public/img/article/a2.jpg","article":"<p'>随着年龄的增加，笔者“夕阳无限好，只是近黄昏”的感觉格外浓烈，下一步嘛就是候着到另一个世界去生活啰。犹如专业运动员，退役后只能在如火如荼的正式竞技比赛场外望洋兴叹，难免有些许惆怅之憾。某天外出办事后顺路到一个朋友家玩，见其新买了一本海伦·凯勒写的书《假如给我三天光明》。朋友说自己年老体弱，这段时间情绪欠佳，昨天闲逛书店，一个中年男营业员问需要买啥书？他咕咙道想买本振奋精神的书看看。中年男营业员热情地介绍了这本书。买来还没开始阅读。边嗅着书独有的香气边信手翻看，感觉有些意思。因为属铁哥们，就不讲规矩啦，赖着先借来看看。海伦·凯勒一岁多时因病造成盲聋哑，使其变得性情乘张桀骜不驯。在老师多年的耐心帮助下，她从七岁开始自强不息，经过艰辛的努力，学会了口语和写作，成为了著名的作家、教育家、慈善家、社会活动家，享年88岁，被美国《时代周刊》评为美国十大英雄偶像之一，荣获“总统自由勋章”等奖项。后来把借的还了，干脆自买了一本，又重新看了好几遍，每看一遍都心如潮涌，又四处寻觅她另外的著作阅读。读罢她写的好几本书，情不自禁地写下了有四十行长的诗“海伦·凯勒印象”。</p>","__v":0}
{"_id":{"$oid":"5ea3e8e3d0cd003258f48c29"},"title":"享受读书的乐趣 ","img":"/public/img/article/a3.jpg","article":"<p>从孩提时代起，书就成为我的玩伴，每一天陪着我遨游在知识的海洋里。童年时代的我，因为需要上学，所以书便每一天跟随我奔波于学校和家之间。现如今，我已迈入中学的大门，走出天真烂漫的童话时代，一篇篇生动优美、清新质朴的美文如磁铁般吸引了我，看着它们，我领略了别人不一样的生活，足不出户却可纵观世界。读书给我带来了无尽的欢乐，更重要的是它教会了我如何热爱他人、热爱生命！书中的大千世界令人神往，它令我充满对未来的憧憬，助我鼓起挑战未来的勇气，我自信地向自己喊到：向前冲！</p> <p>中学时代，《钢铁是怎样炼成的》《巴金选集》《上下五千年》闯进了我的生活，阅历的进一步扩大，让我学会了思考。读一本好书就如在同一个高贵的人谈话，一本本好书给我的心灵上了一堂堂非同寻常的课。对生活的赞美，对生命的热爱。对人生的感悟，让我真切地意识到，只有不断拼搏、不断奋斗的人生才最有价值。富国强民的神圣使命需要我们去完成，不容变更的人生目标让我感到每一天都很充实，而这一切都是读书带给我的。读书点燃我心中的激情，插上我青春的翅膀，推动我向未来奋飞。</p><p>我爱读书，因为读书能够扩大我的视野，让我的写作水平得到进一步提高；我爱读书，因为我喜欢书中那些优美的文章段落，它能够陶冶情操，让我的情绪愉快。</p>","__v":0}
{"_id":{"$oid":"5ea3e8e3d0cd003258f48c2a"},"title":"读书的人生很甜美","img":"/public/img/article/a1.jpg","article":"<p>有人认为：群书为山，登山能高瞻远瞩；群书为海，搏海能锻体炼魄；群书为矿，采矿能聚富集财。笔者读书几十载，切身的体会是：只要你深深爱她，书是诚挚的朋友，能与你结缘；书是智慧的世界，能把你的人生之路展现。</p><p>随着年龄的增加，笔者“夕阳无限好，只是近黄昏”的感觉格外浓烈，下一步嘛就是候着到另一个世界去生活啰。犹如专业运动员，退役后只能在如火如荼的正式竞技比赛场外望洋兴叹，难免有些许惆怅之憾。某天外出办事后顺路到一个朋友家玩，见其新买了一本海伦·凯勒写的书《假如给我三天光明》。朋友说自己年老体弱，这段时间情绪欠佳，昨天闲逛书店，一个中年男营业员问需要买啥书？他咕咙道想买本振奋精神的书看看。中年男营业员热情地介绍了这本书。买来还没开始阅读。边嗅着书独有的香气边信手翻看，感觉有些意思。因为属铁哥们，就不讲规矩啦，赖着先借来看看。海伦·凯勒一岁多时因病造成盲聋哑，使其变得性情乘张桀骜不驯。在老师多年的耐心帮助下，她从七岁开始自强不息，经过艰辛的努力，学会了口语和写作，成为了著名的作家、教育家、慈善家、社会活动家，享年88岁，被美国《时代周刊》评为美国十大英雄偶像之一，荣获“总统自由勋章”等奖项。后来把借的还了，干脆自买了一本，又重新看了好几遍，每看一遍都心如潮涌，又四处寻觅她另外的著作阅读。</p>","__v":0}
{"_id":{"$oid":"5ea3e8e3d0cd003258f48c2b"},"title":"读书的境界","img":"/public/img/article/a2.jpg","article":"<p'>随着年龄的增加，笔者“夕阳无限好，只是近黄昏”的感觉格外浓烈，下一步嘛就是候着到另一个世界去生活啰。犹如专业运动员，退役后只能在如火如荼的正式竞技比赛场外望洋兴叹，难免有些许惆怅之憾。某天外出办事后顺路到一个朋友家玩，见其新买了一本海伦·凯勒写的书《假如给我三天光明》。朋友说自己年老体弱，这段时间情绪欠佳，昨天闲逛书店，一个中年男营业员问需要买啥书？他咕咙道想买本振奋精神的书看看。中年男营业员热情地介绍了这本书。买来还没开始阅读。边嗅着书独有的香气边信手翻看，感觉有些意思。因为属铁哥们，就不讲规矩啦，赖着先借来看看。海伦·凯勒一岁多时因病造成盲聋哑，使其变得性情乘张桀骜不驯。在老师多年的耐心帮助下，她从七岁开始自强不息，经过艰辛的努力，学会了口语和写作，成为了著名的作家、教育家、慈善家、社会活动家，享年88岁，被美国《时代周刊》评为美国十大英雄偶像之一，荣获“总统自由勋章”等奖项。后来把借的还了，干脆自买了一本，又重新看了好几遍，每看一遍都心如潮涌，又四处寻觅她另外的著作阅读。读罢她写的好几本书，情不自禁地写下了有四十行长的诗“海伦·凯勒印象”。</p>","__v":0}
{"_id":{"$oid":"5ea3e8e3d0cd003258f48c2c"},"title":"享受读书的乐趣 ","img":"/public/img/article/a3.jpg","article":"<p>从孩提时代起，书就成为我的玩伴，每一天陪着我遨游在知识的海洋里。童年时代的我，因为需要上学，所以书便每一天跟随我奔波于学校和家之间。现如今，我已迈入中学的大门，走出天真烂漫的童话时代，一篇篇生动优美、清新质朴的美文如磁铁般吸引了我，看着它们，我领略了别人不一样的生活，足不出户却可纵观世界。读书给我带来了无尽的欢乐，更重要的是它教会了我如何热爱他人、热爱生命！书中的大千世界令人神往，它令我充满对未来的憧憬，助我鼓起挑战未来的勇气，我自信地向自己喊到：向前冲！</p> <p>中学时代，《钢铁是怎样炼成的》《巴金选集》《上下五千年》闯进了我的生活，阅历的进一步扩大，让我学会了思考。读一本好书就如在同一个高贵的人谈话，一本本好书给我的心灵上了一堂堂非同寻常的课。对生活的赞美，对生命的热爱。对人生的感悟，让我真切地意识到，只有不断拼搏、不断奋斗的人生才最有价值。富国强民的神圣使命需要我们去完成，不容变更的人生目标让我感到每一天都很充实，而这一切都是读书带给我的。读书点燃我心中的激情，插上我青春的翅膀，推动我向未来奋飞。</p><p>我爱读书，因为读书能够扩大我的视野，让我的写作水平得到进一步提高；我爱读书，因为我喜欢书中那些优美的文章段落，它能够陶冶情操，让我的情绪愉快。</p>","__v":0}
