{"_id":{"$oid":"5e945b59d2a4314128aeda43"},"imgs":["/public/img/a1.jpg","/public/img/a2.jpg","/public/img/a3.jpg"],"comments":[],"category":"hot","name":"小熊和最好的爸爸","old_price":"35.00","new_price":"17.50","author":"(荷)阿拉德·丹姆","time":"2007年11月","num":"970","title":"此商品新老版本随机发货！和爸爸一起读的绘本，极易操作学习增强父子情感的图画书。孩子学习做男子汉：粗犷、睿智、谦逊、幽默，细致；爸爸学习父爱的技巧：了解孩子的梦想，为孩子的勇气而骄傲，成为孩子眼中的英雄","__v":0}
{"_id":{"$oid":"5e945b59d2a4314128aeda44"},"imgs":["/public/img/b1.jpg","/public/img/b2.jpg","/public/img/b3.jpg"],"comments":[],"category":"hot","name":"少年读史记（套装全5册）","old_price":"100.00","new_price":"150.00","author":"张嘉骅","time":"2015年09月","num":"974","title":"精巧32开本，当当独家定制版。荣获第六届中华优秀出版物奖 ；史学、文学、哲学、国学一次到位，台湾著名儿童文学作家张嘉骅倾力打造更适合孩子阅读的《史记》！ ","__v":0}
{"_id":{"$oid":"5e945b59d2a4314128aeda45"},"imgs":["/public/img/c1.jpg","/public/img/c2.jpg","/public/img/c3.jpg"],"comments":[],"category":"hot","name":"十万个为什么","old_price":"22.80","new_price":"17.10","author":"（苏）米 伊林","time":"2018年10月","num":"996","title":"十万个为什么 统编语文教科书四年级（下）指定阅读（中小学新课标必读名著）","__v":0}
{"_id":{"$oid":"5e945b59d2a4314128aeda46"},"imgs":["/public/img/d1.jpg","/public/img/d2.jpg","/public/img/d3.jpg"],"comments":[],"category":"hot","name":"平凡的世界","old_price":"108.00","new_price":"74.50","author":"路遥","time":"2017年06月","num":"1000","title":"新晋男神朱一龙推荐阅读。茅盾文学奖皇冠上的明珠，激励亿万读者的不朽经典。深受老师和学生喜爱的新课标必读书","__v":0}
{"_id":{"$oid":"5e945b59d2a4314128aeda47"},"imgs":["/public/img/e1.jpg","/public/img/e2.jpg","/public/img/e3.jpg"],"comments":[],"category":"hot","name":"活着","old_price":"28.00","new_price":"14.00","author":"余华","time":"2012年08月","num":"998","title":"余华是我国当代著名作家，也是享誉世界的小说家，曾荣获众多国内外奖项。《活着》是其代表作，在全球广泛传播，销量逾千万册，获得了普遍好评，已成为中国乃至世界当代文学的经典","__v":0}
{"_id":{"$oid":"5e945b59d2a4314128aeda48"},"imgs":["/public/img/f1.jpg","/public/img/f2.jpg","/public/img/f3.jpg"],"comments":[],"category":"hot","name":"窗边的小豆豆","old_price":"39.50","new_price":"29.60","author":"（日）黑柳彻子","time":"2012年08月","num":"998","title":"新版隆重上市，影响20世纪的儿童文学杰作，中文简体版已突破1100万册，再也没有比她更了解孩子的了","__v":0}
{"_id":{"$oid":"5e945b59d2a4314128aeda49"},"imgs":["/public/img/g1.jpg","/public/img/g2.jpg","/public/img/g3.jpg"],"comments":[],"category":"hot","name":"海底两万里","old_price":"25.00","new_price":"18.80","author":"儒勒·凡尔纳","time":"2017年09月","num":"1000","title":"新课标·部编本教材推荐阅读 七年级下）,豆瓣8.4分译本。非改写&非编译。快跟上鹦鹉螺号，海底探险之旅出发！","__v":0}
{"_id":{"$oid":"5e945b59d2a4314128aeda4a"},"imgs":["/public/img/h1.jpg","/public/img/h2.jpg","/public/img/h3.jpg"],"comments":[],"category":"hot","name":"百年孤独","old_price":"55.00","new_price":"38.00","author":"加西亚·马尔克斯","time":"2017年08月","num":"1000","title":"50周年纪念版！新典藏内封，限量赠50周年精美魔幻明信片1套。马尔克斯代表作，全球惟一正式授权中文版，未作任何删节！6年发行量超600万册！","__v":0}
{"_id":{"$oid":"5e945b59d2a4314128aeda4b"},"imgs":["/public/img/i1.jpg","/public/img/i2.jpg","/public/img/i3.jpg"],"comments":[],"category":"hot","name":"夏洛的网","old_price":"26.00","new_price":"18.40","author":"（美）怀特","time":"2014年08月","num":"1000","title":"此商品新老版本机发货！和爸爸一起读的绘本，极易操作学习增强父子情感的图书。孩子学习做男子汉：粗犷、睿智、谦逊、幽默，细致；爸爸学习父爱的技巧：了解孩子的梦想，为孩子的勇气而骄傲，成为孩子眼中的英雄","__v":0}
{"_id":{"$oid":"5e945b59d2a4314128aeda4c"},"imgs":["/public/img/j1.jpg","/public/img/j2.jpg","/public/img/j3.jpg"],"comments":[],"category":"hot","name":"少年的你","old_price":"168.00","new_price":"168.00","author":"少年","time":"2020年01月","num":"1000","title":"《少年的你》电影剧组官方WEI YI授权精装典藏版图书。15000本限量发售，316页，6万诚意文字，298张图片，收录海量未公开高清剧照、工作照及花絮照片，独家揭秘“少年背后的少年”的精彩幕后故事","__v":0}
{"_id":{"$oid":"5e945c101ea1d84bf497ebf0"},"imgs":["/public/img/j1.jpg","/public/img/j2.jpg","/public/img/j3.jpg"],"comments":[],"category":"new","name":"少年的你","old_price":"168.00","new_price":"168.00","author":"少年","time":"2020年01月","num":"997","title":"《少年的你》电影剧组官方WEI YI授权精装典藏版图书。15000本限量发售，316页，6万诚意文字，298张图片，收录海量未公开高清剧照、工作照及花絮照片，独家揭秘“少年背后的少年”的精彩幕后故事","__v":0}
{"_id":{"$oid":"5e945c101ea1d84bf497ebf1"},"imgs":["/public/img/k1.jpg","/public/img/k1.jpg","/public/img/k1.jpg"],"comments":[],"category":"new","name":"在路上","old_price":"168.00","new_price":"58.00","author":"杰克·凯鲁亚克","time":"2020年01月","num":"999","title":"垮掉的一代”研究专家陈杰教授全新译本，垮掉派的《圣经》，重新定义美国文学的世纪经典，诺贝尔文学奖得主鲍勃·迪伦称“这本书改变了我的人生","__v":0}
{"_id":{"$oid":"5e945c101ea1d84bf497ebf2"},"imgs":["/public/img/l1.jpg","/public/img/l.jpg","/public/img/l.jpg"],"comments":[],"category":"new","name":"庆余年·北海有雾","old_price":"39.00","new_price":"27.30","author":"猫腻","time":"2019年11月","num":"998","title":"陈道明、张若昀、吴刚、李沁、郭麒麟、肖战主演电视剧原著小说，修订版第三卷）赠送《庆余年》全员祥云图海报1张+8张明信片","__v":0}
{"_id":{"$oid":"5e945c101ea1d84bf497ebf3"},"imgs":["/public/img/o1.jpg","/public/img/o2.jpg","/public/img/o3.jpg"],"comments":[],"category":"new","name":"庆余年·人在京都","old_price":"39.00","new_price":"27.30","author":"猫腻","time":"2019年11月","num":"999","title":"陈道明、张若昀、吴刚、李沁、郭麒麟、肖战主演电视剧原著小说，修订版第二卷）赠送《庆余年》全员祥云图海报1张+8张明信片","__v":0}
{"_id":{"$oid":"5e945c101ea1d84bf497ebf4"},"imgs":["/public/img/p1.jpg","/public/img/p2.jpg","/public/img/p3.jpg"],"comments":[],"category":"new","name":"庆余年·远来是客","old_price":"39.00","new_price":"27.30","author":"猫腻","time":"2019年11月","num":"1000","title":"陈道明、张若昀、吴刚、李沁、郭麒麟、肖战主演电视剧原著小说，修订版第二卷）赠送《庆余年》全员祥云图海报1张+8张明信片","__v":0}
{"_id":{"$oid":"5e945c101ea1d84bf497ebf5"},"imgs":["/public/img/q1.jpg","/public/img/q2.jpg","/public/img/q3.jpg"],"comments":[],"category":"new","name":"你当像鸟飞往你的山","old_price":"59.00","new_price":"29.50","author":"韦斯特弗","time":"2019年11月","num":"1000","title":"17岁前从未上过学的女孩，如何成为剑桥大学博士？我们要背叛多曾经，才能找到真正的自我！《纽约时报》 等数十家媒体一致公推“年度图书”，作者获选《时代周刊》年度影响力人物！这本书比你听说的还要好","__v":0}
{"_id":{"$oid":"5e945c101ea1d84bf497ebf6"},"imgs":["/public/img/g1.jpg","/public/img/g2.jpg","/public/img/g3.jpg"],"comments":[],"category":"new","name":"海底两万里","old_price":"25.00","new_price":"18.80","author":"儒勒·凡尔纳","time":"2017年09月","num":"1000","title":"新课标·部编本教材推荐阅读 七年级下）,豆瓣8.4分译本。非改写&非编译。快跟上鹦鹉螺号，海底探险之旅出发！","__v":0}
{"_id":{"$oid":"5e945c101ea1d84bf497ebf7"},"imgs":["/public/img/h1.jpg","/public/img/h2.jpg","/public/img/h3.jpg"],"comments":[],"category":"new","name":"百年孤独","old_price":"55.00","new_price":"38.00","author":"加西亚·马尔克斯","time":"2017年08月","num":"1000","title":"50周年纪念版！新典藏内封，限量赠50周年精美魔幻明信片1套。马尔克斯代表作，全球惟一正式授权中文版，未作任何删节！6年发行量超600万册！","__v":0}
{"_id":{"$oid":"5e945c881ea1d84bf497ebf8"},"imgs":["/public/img/j1.jpg","/public/img/j2.jpg","/public/img/j3.jpg"],"comments":[],"category":"new","name":"少年的你","old_price":"168.00","new_price":"168.00","author":"少年","time":"2020年01月","num":"1000","title":"《少年的你》电影剧组官方WEI YI授权精装典藏版图书。15000本限量发售，316页，6万诚意文字，298张图片，收录海量未公开高清剧照、工作照及花絮照片，独家揭秘“少年背后的少年”的精彩幕后故事","__v":0}
{"_id":{"$oid":"5e945c881ea1d84bf497ebf9"},"imgs":["/public/img/k1.jpg","/public/img/k1.jpg","/public/img/k1.jpg"],"comments":[],"category":"new","name":"在路上","old_price":"168.00","new_price":"58.00","author":"杰克·凯鲁亚克","time":"2020年01月","num":"1000","title":"垮掉的一代”研究专家陈杰教授全新译本，垮掉派的《圣经》，重新定义美国文学的世纪经典，诺贝尔文学奖得主鲍勃·迪伦称“这本书改变了我的人生","__v":0}
{"_id":{"$oid":"5e945c881ea1d84bf497ebfa"},"imgs":["/public/img/l1.jpg","/public/img/l.jpg","/public/img/l.jpg"],"comments":[],"category":"new","name":"庆余年·北海有雾","old_price":"39.00","new_price":"27.30","author":"猫腻","time":"2019年11月","num":"1000","title":"陈道明、张若昀、吴刚、李沁、郭麒麟、肖战主演电视剧原著小说，修订版第三卷）赠送《庆余年》全员祥云图海报1张+8张明信片","__v":0}
{"_id":{"$oid":"5e945c881ea1d84bf497ebfb"},"imgs":["/public/img/o1.jpg","/public/img/o2.jpg","/public/img/o3.jpg"],"comments":[],"category":"new","name":"庆余年·人在京都","old_price":"39.00","new_price":"27.30","author":"猫腻","time":"2019年11月","num":"1000","title":"陈道明、张若昀、吴刚、李沁、郭麒麟、肖战主演电视剧原著小说，修订版第二卷）赠送《庆余年》全员祥云图海报1张+8张明信片","__v":0}
{"_id":{"$oid":"5e945c881ea1d84bf497ebfc"},"imgs":["/public/img/p1.jpg","/public/img/p2.jpg","/public/img/p3.jpg"],"comments":[],"category":"new","name":"庆余年·远来是客","old_price":"39.00","new_price":"27.30","author":"猫腻","time":"2019年11月","num":"1000","title":"陈道明、张若昀、吴刚、李沁、郭麒麟、肖战主演电视剧原著小说，修订版第二卷）赠送《庆余年》全员祥云图海报1张+8张明信片","__v":0}
{"_id":{"$oid":"5e945c881ea1d84bf497ebfd"},"imgs":["/public/img/q1.jpg","/public/img/q2.jpg","/public/img/q3.jpg"],"comments":[],"category":"new","name":"你当像鸟飞往你的山","old_price":"59.00","new_price":"29.50","author":"韦斯特弗","time":"2019年11月","num":"1000","title":"17岁前从未上过学的女孩，如何成为剑桥大学博士？我们要背叛多曾经，才能找到真正的自我！《纽约时报》 等数十家媒体一致公推“年度图书”，作者获选《时代周刊》年度影响力人物！这本书比你听说的还要好","__v":0}
{"_id":{"$oid":"5e945c881ea1d84bf497ebfe"},"imgs":["/public/img/g1.jpg","/public/img/g2.jpg","/public/img/g3.jpg"],"comments":[],"category":"new","name":"海底两万里","old_price":"25.00","new_price":"18.80","author":"儒勒·凡尔纳","time":"2017年09月","num":"1000","title":"新课标·部编本教材推荐阅读 七年级下）,豆瓣8.4分译本。非改写&非编译。快跟上鹦鹉螺号，海底探险之旅出发！","__v":0}
{"_id":{"$oid":"5e945c881ea1d84bf497ebff"},"imgs":["/public/img/h1.jpg","/public/img/h2.jpg","/public/img/h3.jpg"],"comments":[],"category":"new","name":"百年孤独","old_price":"55.00","new_price":"38.00","author":"加西亚·马尔克斯","time":"2017年08月","num":"1000","title":"50周年纪念版！新典藏内封，限量赠50周年精美魔幻明信片1套。马尔克斯代表作，全球惟一正式授权中文版，未作任何删节！6年发行量超600万册！","__v":0}
