{"_id":{"$oid":"5ea2e0b9ebd59f2cb030c0b5"},"gmsg":"非常好","grade":"5","comment":"默认好评：这是一本值得购买的书！","bookId":"5e945b59d2a4314128aeda43","userAvatar":"/public/img/avatar.jpg","userName":"1234","__v":0}
{"_id":{"$oid":"5ea2e9d1ebd59f2cb030c0b7"},"gmsg":"好","grade":"4","comment":"这本真的非常不错，是值得一看的，推荐~","bookId":"5e945b59d2a4314128aeda43","userAvatar":"/public/img/avatar.jpg","userName":"1234","__v":0}
{"_id":{"$oid":"5ea2e9ebebd59f2cb030c0b8"},"gmsg":"非常好","grade":"5","comment":"默认好评：这是一本值得购买的书！","bookId":"5e945b59d2a4314128aeda47","userAvatar":"/public/img/avatar.jpg","userName":"1234","__v":0}
{"_id":{"$oid":"5ea2ea07ebd59f2cb030c0b9"},"gmsg":"非常好","grade":"5","comment":"默认好评：这是一本值得购买的书！","bookId":"5e945b59d2a4314128aeda47","userAvatar":"/public/img/avatar.jpg","userName":"1234","__v":0}
{"_id":{"$oid":"5ea2f2d0ebd59f2cb030c0bd"},"gmsg":"非常好","grade":"5","comment":"默认好评：这是一本值得购买的书！","bookId":"5e945b59d2a4314128aeda43","userAvatar":"/public/img/avatar.jpg","userName":"东子","__v":0}
{"_id":{"$oid":"5ea2f2d0ebd59f2cb030c0be"},"gmsg":"非常好","grade":"5","comment":"默认好评：这是一本值得购买的书！","bookId":"5e945b59d2a4314128aeda43","userAvatar":"/public/img/avatar.jpg","userName":"东子","__v":0}
{"_id":{"$oid":"5ea2ff27ebd59f2cb030c0c3"},"gmsg":"非常好","grade":"5","comment":"这是我很喜欢的一本书～","bookId":"5e945b59d2a4314128aeda44","userAvatar":"/public/img/avatar.jpg","userName":"东子","__v":0}
{"_id":{"$oid":"5ea3367893423d359cd7459d"},"gmsg":"非常好","grade":"5","comment":"真好看","bookId":"5e945b59d2a4314128aeda45","userAvatar":"/public/img/avatar.jpg","userName":"1234","__v":0}
{"_id":{"$oid":"5ea3391193423d359cd745a2"},"gmsg":"非常好","grade":"5","comment":"好看😊","bookId":"5e945c101ea1d84bf497ebf1","userAvatar":"/public/img/avatar.jpg","userName":"1234","__v":0}
{"_id":{"$oid":"5ea33ff093423d359cd745a4"},"gmsg":"非常好","grade":"5","comment":"默认好评：这是一本值得购买的书！","bookId":"5e945b59d2a4314128aeda43","userAvatar":"/public/img/avatar.jpg","userName":"1234","__v":0}
{"_id":{"$oid":"5ea3db97ec1026362427160a"},"gmsg":"非常好","grade":"5","comment":"默认好评：这是一本值得购买的书！","bookId":"5e945b59d2a4314128aeda43","userAvatar":"/public/img/avatar.jpg","userName":"1234","__v":0}
{"_id":{"$oid":"5ea466c62e7a1d4bfcc58584"},"gmsg":"非常好","grade":"5","comment":"默认好评：这是一本值得购买的书！","bookId":"5e945b59d2a4314128aeda48","userAvatar":"/public/img/avatar.jpg","userName":"1234","__v":0}
