{"_id":{"$oid":"5ea190caff49464bbcaff3d8"},"books":[{"bookImg":"/public/img/a1.jpg","bookId":"5e945b59d2a4314128aeda43","bookName":"小熊和最好的爸爸","bookNum":2,"bookPrice":"17.50"}],"userId":"5e9fc047e964fb408cdb8147","total":"35","num":"2","state":"4","addr":{"name":"1111111","tel":"15555555555","addr":"天津市市辖区和平区vgsdgg","flag":true},"orderId":"1587646664017","__v":0}
{"_id":{"$oid":"5ea270561143af44bc680941"},"books":[{"bookImg":"/public/img/a1.jpg","bookId":"5e945b59d2a4314128aeda43","bookName":"小熊和最好的爸爸","bookNum":1,"bookPrice":"17.50"}],"userId":"5e9fc047e964fb408cdb8147","total":"17.5","num":"1","state":"4","addr":{"name":"1111111","tel":"15555555555","addr":"天津市市辖区和平区vgsdgg","flag":true},"orderId":"1587703884633","__v":0}
{"_id":{"$oid":"5ea270a41143af44bc680942"},"books":[{"bookImg":"/public/img/l1.jpg","bookId":"5e945c101ea1d84bf497ebf2","bookName":"庆余年·北海有雾","bookNum":2,"bookPrice":"27.30"}],"userId":"5e9fc047e964fb408cdb8147","total":"54.6","num":"2","state":"4","addr":{"name":"1111111","tel":"15555555555","addr":"天津市市辖区和平区vgsdgg","flag":true},"orderId":"1587703969327","__v":0}
{"_id":{"$oid":"5ea271461143af44bc680943"},"books":[{"bookImg":"/public/img/b1.jpg","bookId":"5e945b59d2a4314128aeda44","bookName":"少年读史记（套装全5册）","bookNum":1,"bookPrice":"150.00"}],"userId":"5e9fc047e964fb408cdb8147","total":"150","num":"1","state":"4","addr":{"name":"1111111","tel":"15555555555","addr":"天津市市辖区和平区vgsdgg","flag":true},"orderId":"1587704132626","__v":0}
{"_id":{"$oid":"5ea271a51143af44bc680944"},"books":[{"bookImg":"/public/img/a1.jpg","bookId":"5e945b59d2a4314128aeda43","bookName":"小熊和最好的爸爸","bookNum":2,"bookPrice":"17.50"}],"userId":"5e9fc047e964fb408cdb8147","total":"35","num":"2","state":"4","addr":{"name":"1111111","tel":"15555555555","addr":"天津市市辖区和平区vgsdgg","flag":true},"orderId":"1587704227645","__v":0}
{"_id":{"$oid":"5ea2722d1143af44bc680945"},"books":[{"bookImg":"/public/img/e1.jpg","bookId":"5e945b59d2a4314128aeda47","bookName":"活着","bookNum":1,"bookPrice":"14.00"}],"userId":"5e9fc047e964fb408cdb8147","total":"14","num":"1","state":"4","addr":{"name":"1111111","tel":"15555555555","addr":"天津市市辖区和平区vgsdgg","flag":true},"orderId":"1587704363371","__v":0}
{"_id":{"$oid":"5ea272da1143af44bc680946"},"books":[{"bookImg":"/public/img/c1.jpg","bookId":"5e945b59d2a4314128aeda45","bookName":"十万个为什么","bookNum":1,"bookPrice":"17.10"}],"userId":"5e9fc047e964fb408cdb8147","total":"17.1","num":"1","state":"4","addr":{"name":"1111111","tel":"15555555555","addr":"天津市市辖区和平区vgsdgg","flag":true},"orderId":"1587704535817","__v":0}
{"_id":{"$oid":"5ea289538b93bc218c90aa56"},"books":[{"bookImg":"/public/img/a1.jpg","bookId":"5e945b59d2a4314128aeda43","bookName":"小熊和最好的爸爸","bookNum":1,"bookPrice":"17.50"}],"userId":"5e9fc047e964fb408cdb8147","total":"17.5","num":"1","state":"4","addr":{"name":"1111111","tel":"15555555555","addr":"天津市市辖区和平区vgsdgg","flag":true},"orderId":"1587710289304","__v":0}
{"_id":{"$oid":"5ea2900d8b93bc218c90aa57"},"books":[{"bookImg":"/public/img/k1.jpg","bookId":"5e945c101ea1d84bf497ebf1","bookName":"在路上","bookNum":1,"bookPrice":"58.00"}],"userId":"5e9fc047e964fb408cdb8147","total":"58","num":"1","state":"4","addr":{"name":"1111111","tel":"15555555555","addr":"天津市市辖区和平区vgsdgg","flag":true},"orderId":"1587712010164","__v":0}
{"_id":{"$oid":"5ea2944c8b93bc218c90aa5b"},"books":[{"bookImg":"/public/img/e1.jpg","bookId":"5e945b59d2a4314128aeda47","bookName":"活着","bookNum":1,"bookPrice":"14.00"}],"userId":"5e9fc047e964fb408cdb8147","total":"14","num":"1","state":"4","addr":{"name":"1111111","tel":"15555555555","addr":"天津市市辖区和平区vgsdgg","flag":true},"orderId":"1587713093233","__v":0}
{"_id":{"$oid":"5ea2a7d38b93bc218c90aa5c"},"books":[{"bookImg":"/public/img/j1.jpg","bookId":"5e945c101ea1d84bf497ebf0","bookName":"少年的你","bookNum":2,"bookPrice":"168.00"},{"bookImg":"/public/img/o1.jpg","bookId":"5e945c101ea1d84bf497ebf3","bookName":"庆余年·人在京都","bookNum":1,"bookPrice":"27.30"}],"userId":"5e9fc047e964fb408cdb8147","total":"363.3","num":"3","state":"4","addr":{"name":"1111111","tel":"15555555555","addr":"天津市市辖区和平区vgsdgg","flag":true},"orderId":"1587718089246","__v":0}
{"_id":{"$oid":"5ea2df83870edc48e4502a18"},"books":[{"bookImg":"/public/img/a1.jpg","bookId":"5e945b59d2a4314128aeda43","bookName":"小熊和最好的爸爸","bookNum":2,"bookPrice":"17.50"}],"userId":"5e9fc047e964fb408cdb8147","total":"35","num":"2","state":"4","addr":{"name":"1111111","tel":"15555555555","addr":"天津市市辖区和平区vgsdgg","flag":true},"orderId":"1587732343665","__v":0}
{"_id":{"$oid":"5ea2e940ebd59f2cb030c0b6"},"books":[{"bookImg":"/public/img/a1.jpg","bookId":"5e945b59d2a4314128aeda43","bookName":"小熊和最好的爸爸","bookNum":1,"bookPrice":"17.50"}],"userId":"5e9fc047e964fb408cdb8147","total":"17.5","num":"1","state":"4","addr":{"name":"1111111","tel":"15555555555","addr":"天津市市辖区和平区vgsdgg","flag":true},"orderId":"1587734842757","__v":0}
{"_id":{"$oid":"5ea2ef59ebd59f2cb030c0bb"},"books":[{"bookImg":"/public/img/b1.jpg","bookId":"5e945b59d2a4314128aeda44","bookName":"少年读史记（套装全5册）","bookNum":7,"bookPrice":"150.00"},{"bookImg":"/public/img/a1.jpg","bookId":"5e945b59d2a4314128aeda43","bookName":"小熊和最好的爸爸","bookNum":2,"bookPrice":"17.50"}],"userId":"5ea2ed66ebd59f2cb030c0ba","total":"1085","num":"9","state":"4","addr":{"name":"东子","tel":"15018558888","addr":"吉林省长春市南关区吉林大学","flag":true},"orderId":"1587736401407","__v":0}
{"_id":{"$oid":"5ea2efc8ebd59f2cb030c0bc"},"books":[{"bookImg":"/public/img/b1.jpg","bookId":"5e945b59d2a4314128aeda44","bookName":"少年读史记（套装全5册）","bookNum":2,"bookPrice":"150.00"}],"userId":"5ea2ed66ebd59f2cb030c0ba","total":"300","num":"2","state":"4","addr":{"name":"东子","tel":"15018558888","addr":"吉林省长春市南关区吉林大学","flag":true},"orderId":"1587736516880","__v":0}
{"_id":{"$oid":"5ea2f469ebd59f2cb030c0bf"},"books":[{"bookImg":"/public/img/a1.jpg","bookId":"5e945b59d2a4314128aeda43","bookName":"小熊和最好的爸爸","bookNum":1,"bookPrice":"17.50"},{"bookImg":"/public/img/c1.jpg","bookId":"5e945b59d2a4314128aeda45","bookName":"十万个为什么","bookNum":1,"bookPrice":"17.10"}],"userId":"5ea2ed66ebd59f2cb030c0ba","total":"34.6","num":"2","state":"2","addr":{"name":"东子","tel":"15018558888","addr":"吉林省长春市南关区吉林大学","flag":true},"orderId":"1587737698740","__v":0}
{"_id":{"$oid":"5ea2f499ebd59f2cb030c0c0"},"books":[{"bookImg":"/public/img/b1.jpg","bookId":"5e945b59d2a4314128aeda44","bookName":"少年读史记（套装全5册）","bookNum":1,"bookPrice":"150.00"}],"userId":"5ea2ed66ebd59f2cb030c0ba","total":"150","num":"1","state":"2","addr":{"name":"东子","tel":"15018558888","addr":"吉林省长春市南关区吉林大学","flag":true},"orderId":"1587737750629","__v":0}
{"_id":{"$oid":"5ea2fdc6ebd59f2cb030c0c2"},"books":[{"bookImg":"/public/img/b1.jpg","bookId":"5e945b59d2a4314128aeda44","bookName":"少年读史记（套装全5册）","bookNum":1,"bookPrice":"150.00"}],"userId":"5ea2ed66ebd59f2cb030c0ba","total":"150","num":"1","state":"2","addr":{"name":"东子","tel":"15018558888","addr":"吉林省长春市南关区吉林大学","flag":true},"orderId":"1587740092060","__v":0}
{"_id":{"$oid":"5ea3344d93423d359cd74599"},"books":[{"bookImg":"/public/img/f1.jpg","bookId":"5e945b59d2a4314128aeda48","bookName":"窗边的小豆豆","bookNum":1,"bookPrice":"29.60"}],"userId":"5e9fc047e964fb408cdb8147","total":"29.6","num":"1","state":"4","addr":{"name":"1111111","tel":"15555555555","addr":"天津市市辖区和平区vgsdgg","flag":true},"orderId":"1587754055870","__v":0}
{"_id":{"$oid":"5ea3348b93423d359cd7459a"},"books":[{"bookImg":"/public/img/c1.jpg","bookId":"5e945b59d2a4314128aeda45","bookName":"十万个为什么","bookNum":1,"bookPrice":"17.10"}],"userId":"5e9fc047e964fb408cdb8147","total":"17.1","num":"1","state":"3","addr":{"name":"1111111","tel":"15555555555","addr":"天津市市辖区和平区vgsdgg","flag":true},"orderId":"1587754119765","__v":0}
{"_id":{"$oid":"5ea335df93423d359cd7459b"},"books":[{"bookImg":"/public/img/a1.jpg","bookId":"5e945b59d2a4314128aeda43","bookName":"小熊和最好的爸爸","bookNum":1,"bookPrice":"17.50"}],"userId":"5ea2ed66ebd59f2cb030c0ba","total":"17.5","num":"1","state":"2","addr":{"name":"东子","tel":"15018558888","addr":"河北省石家庄市长安区河北大学","flag":"true"},"orderId":"1587754460606","__v":0}
{"_id":{"$oid":"5ea335e393423d359cd7459c"},"books":[{"bookImg":"/public/img/a1.jpg","bookId":"5e945b59d2a4314128aeda43","bookName":"小熊和最好的爸爸","bookNum":1,"bookPrice":"17.50"}],"userId":"5ea2ed66ebd59f2cb030c0ba","total":"17.5","num":"1","state":"0","addr":{"name":"东子","tel":"15018558888","addr":"河北省石家庄市长安区河北大学","flag":"true"},"orderId":"1587754460606","__v":0}
{"_id":{"$oid":"5ea336f193423d359cd7459e"},"books":[{"bookImg":"/public/img/a1.jpg","bookId":"5e945b59d2a4314128aeda43","bookName":"小熊和最好的爸爸","bookNum":4,"bookPrice":"17.50"}],"userId":"5ea2ed66ebd59f2cb030c0ba","total":"70","num":"4","state":"2","addr":{"name":"东子","tel":"15018558888","addr":"河北省石家庄市长安区河北大学","flag":"true"},"orderId":"1587754734928","__v":0}
{"_id":{"$oid":"5ea337d593423d359cd7459f"},"books":[{"bookImg":"/public/img/a1.jpg","bookId":"5e945b59d2a4314128aeda43","bookName":"小熊和最好的爸爸","bookNum":1,"bookPrice":"17.50"}],"userId":"5e9fc047e964fb408cdb8147","total":"17.5","num":"1","state":"2","addr":{"name":"yy","tel":"15555555555","addr":"河北省石家庄市长安区河北大学","flag":"true"},"orderId":"1587754964503","__v":0}
{"_id":{"$oid":"5ea338e693423d359cd745a0"},"books":[{"bookImg":"/public/img/j1.jpg","bookId":"5e945c101ea1d84bf497ebf0","bookName":"少年的你","bookNum":1,"bookPrice":"168.00"}],"userId":"5e9fc047e964fb408cdb8147","total":"168","num":"1","state":"2","addr":{"name":"yy","tel":"15555555555","addr":"河北省石家庄市长安区河北大学","flag":"true"},"orderId":"1587755237190","__v":0}
{"_id":{"$oid":"5ea338ea93423d359cd745a1"},"books":[{"bookImg":"/public/img/j1.jpg","bookId":"5e945c101ea1d84bf497ebf0","bookName":"少年的你","bookNum":1,"bookPrice":"168.00"}],"userId":"5e9fc047e964fb408cdb8147","total":"168","num":"1","state":"2","addr":{"name":"yy","tel":"15555555555","addr":"河北省石家庄市长安区河北大学","flag":"true"},"orderId":"1587755237190","__v":0}
{"_id":{"$oid":"5ea33e5a93423d359cd745a3"},"books":[{"bookImg":"/public/img/b1.jpg","bookId":"5e945b59d2a4314128aeda44","bookName":"少年读史记（套装全5册）","bookNum":1,"bookPrice":"150.00"}],"userId":"5ea2ed66ebd59f2cb030c0ba","total":"150","num":"1","state":"0","addr":{"name":"东子","tel":"15018558888","addr":"河北省石家庄市长安区河北大学","flag":"true"},"orderId":"1587756603636","__v":0}
{"_id":{"$oid":"5ea3cd49ec10263624271606"},"books":[{"bookImg":"/public/img/a1.jpg","bookId":"5e945b59d2a4314128aeda43","bookName":"小熊和最好的爸爸","bookNum":1,"bookPrice":"17.50"}],"userId":"5e9fc047e964fb408cdb8147","total":"17.5","num":"1","state":"2","addr":{"name":"yy","tel":"15555555555","addr":"河北省石家庄市长安区河北大学","flag":"true"},"orderId":"1587793223389","__v":0}
{"_id":{"$oid":"5ea3dadcec10263624271607"},"books":[{"bookImg":"/public/img/b1.jpg","bookId":"5e945b59d2a4314128aeda44","bookName":"少年读史记（套装全5册）","bookNum":2,"bookPrice":"150.00"}],"userId":"5e9fc047e964fb408cdb8147","total":"300","num":"2","state":"2","addr":{"name":"yy","tel":"15555555555","addr":"河北省石家庄市长安区河北大学","flag":"true"},"orderId":"1587796691610","__v":0}
{"_id":{"$oid":"5ea3db77ec10263624271609"},"books":[{"bookImg":"/public/img/a1.jpg","bookId":"5e945b59d2a4314128aeda43","bookName":"小熊和最好的爸爸","bookNum":1,"bookPrice":"17.50"}],"userId":"5e9fc047e964fb408cdb8147","total":"17.5","num":"1","state":"2","addr":{"name":"yy","tel":"15555555555","addr":"河北省石家庄市长安区河北大学","flag":"true"},"orderId":"1587796847214","__v":0}
{"_id":{"$oid":"5ea45fcf2e7a1d4bfcc58583"},"books":[{"bookImg":"/public/img/b1.jpg","bookId":"5e945b59d2a4314128aeda44","bookName":"少年读史记（套装全5册）","bookNum":1,"bookPrice":"150.00"}],"userId":"5e9fc047e964fb408cdb8147","total":"150","num":"1","state":"2","addr":{"name":"yy","tel":"15555555555","addr":"河北省石家庄市长安区河北大学","flag":"true"},"orderId":"1587830170013","__v":0}
{"_id":{"$oid":"5eb249387225995974ed1052"},"books":[{"bookImg":"/public/img/a1.jpg","bookId":"5e945b59d2a4314128aeda43","bookName":"小熊和最好的爸爸","bookNum":1,"bookPrice":"17.50"}],"userId":"5e9fc047e964fb408cdb8147","total":"17.5","num":"1","state":"2","addr":{"name":"yy","tel":"15555555555","addr":"河北省石家庄市长安区河北大学","flag":true},"orderId":"1588742432009","__v":0}
{"_id":{"$oid":"5eb249f17225995974ed1053"},"books":[{"bookImg":"/public/img/a1.jpg","bookId":"5e945b59d2a4314128aeda43","bookName":"小熊和最好的爸爸","bookNum":2,"bookPrice":"17.50"}],"userId":"5e9fc047e964fb408cdb8147","total":"35","num":"2","state":"2","addr":{"name":"yy","tel":"15555555555","addr":"河北省石家庄市长安区河北大学","flag":true},"orderId":"1588742632331","__v":0}
{"_id":{"$oid":"5eb25f8a7225995974ed1056"},"books":[{"bookImg":"/public/img/a1.jpg","bookId":"5e945b59d2a4314128aeda43","bookName":"小熊和最好的爸爸","bookNum":3,"bookPrice":"17.50"}],"userId":"5eb25f047225995974ed1054","total":"52.5","num":"3","state":"1","addr":{"name":"dd","tel":"16777777777","addr":"山西省太原市小店区山西大学","flag":true},"orderId":"1588748149877","__v":0}
{"_id":{"$oid":"5eb25fd97225995974ed1057"},"books":[{"bookImg":"/public/img/b1.jpg","bookId":"5e945b59d2a4314128aeda44","bookName":"少年读史记（套装全5册）","bookNum":1,"bookPrice":"150.00"}],"userId":"5eb25f047225995974ed1054","total":"150","num":"1","state":"1","addr":{"name":"dd","tel":"16777777777","addr":"山西省太原市小店区山西大学","flag":true},"orderId":"1588748239796","__v":0}
{"_id":{"$oid":"5eb2652f7225995974ed1058"},"books":[{"bookImg":"/public/img/a1.jpg","bookId":"5e945b59d2a4314128aeda43","bookName":"小熊和最好的爸爸","bookNum":1,"bookPrice":"17.50"}],"userId":"5eb25f047225995974ed1054","total":"17.5","num":"1","state":"0","addr":{"name":"dd","tel":"16777777777","addr":"山西省太原市小店区山西大学","flag":true},"orderId":"1588749607677","__v":0}
{"_id":{"$oid":"5eb278f47225995974ed1059"},"books":[{"bookImg":"/public/img/b1.jpg","bookId":"5e945b59d2a4314128aeda44","bookName":"少年读史记（套装全5册）","bookNum":1,"bookPrice":"150.00"}],"userId":"5e9fc047e964fb408cdb8147","total":"150","num":"1","state":"1","addr":{"name":"yy","tel":"15555555555","addr":"河北省石家庄市长安区河北大学","flag":true},"orderId":"1588754668547","__v":0}
{"_id":{"$oid":"5eb279a67225995974ed105a"},"books":[{"bookImg":"/public/img/c1.jpg","bookId":"5e945b59d2a4314128aeda45","bookName":"十万个为什么","bookNum":1,"bookPrice":"17.10"}],"userId":"5e9fc047e964fb408cdb8147","total":"17.1","num":"1","state":"2","addr":{"name":"yy","tel":"15555555555","addr":"河北省石家庄市长安区河北大学","flag":true},"orderId":"1588754846056","__v":0}
{"_id":{"$oid":"5eb27ec87225995974ed105b"},"books":[{"bookImg":"/public/img/b1.jpg","bookId":"5e945b59d2a4314128aeda44","bookName":"少年读史记（套装全5册）","bookNum":1,"bookPrice":"150.00"}],"userId":"5e9fc047e964fb408cdb8147","total":"150","num":"1","state":"0","addr":{"name":"yy","tel":"15555555555","addr":"河北省石家庄市长安区河北大学","flag":true},"orderId":"1588756156486","__v":0}
{"_id":{"$oid":"5eb27ecb7225995974ed105c"},"books":[{"bookImg":"/public/img/b1.jpg","bookId":"5e945b59d2a4314128aeda44","bookName":"少年读史记（套装全5册）","bookNum":1,"bookPrice":"150.00"}],"userId":"5e9fc047e964fb408cdb8147","total":"150","num":"1","state":"0","addr":{"name":"yy","tel":"15555555555","addr":"河北省石家庄市长安区河北大学","flag":true},"orderId":"1588756156486","__v":0}
{"_id":{"$oid":"5eb2809b7225995974ed105d"},"books":[{"bookImg":"/public/img/f1.jpg","bookId":"5e945b59d2a4314128aeda48","bookName":"窗边的小豆豆","bookNum":1,"bookPrice":"29.60"}],"userId":"5eb25f047225995974ed1054","total":"29.6","num":"1","state":"0","addr":{"name":"dd","tel":"16777777777","addr":"山西省太原市小店区山西大学","flag":true},"orderId":"1588756630647","__v":0}
{"_id":{"$oid":"5eb2815c7225995974ed105e"},"books":[{"bookImg":"/public/img/b1.jpg","bookId":"5e945b59d2a4314128aeda44","bookName":"少年读史记（套装全5册）","bookNum":1,"bookPrice":"150.00"}],"userId":"5eb25f047225995974ed1054","total":"150","num":"1","state":"0","addr":{"name":"dd","tel":"16777777777","addr":"山西省太原市小店区山西大学","flag":true},"orderId":"1588756796142","__v":0}
{"_id":{"$oid":"5eb281787225995974ed105f"},"books":[{"bookImg":"/public/img/b1.jpg","bookId":"5e945b59d2a4314128aeda44","bookName":"少年读史记（套装全5册）","bookNum":1,"bookPrice":"150.00"}],"userId":"5eb25f047225995974ed1054","total":"150","num":"1","state":"0","addr":{"name":"dd","tel":"16777777777","addr":"山西省太原市小店区山西大学","flag":true},"orderId":"1588756849951","__v":0}
{"_id":{"$oid":"5eb2817d7225995974ed1060"},"books":[{"bookImg":"/public/img/b1.jpg","bookId":"5e945b59d2a4314128aeda44","bookName":"少年读史记（套装全5册）","bookNum":1,"bookPrice":"150.00"}],"userId":"5eb25f047225995974ed1054","total":"150","num":"1","state":"0","addr":{"name":"dd","tel":"16777777777","addr":"山西省太原市小店区山西大学","flag":true},"orderId":"1588756849951","__v":0}
{"_id":{"$oid":"5eb283177225995974ed1062"},"books":[{"bookImg":"/public/img/b1.jpg","bookId":"5e945b59d2a4314128aeda44","bookName":"少年读史记（套装全5册）","bookNum":1,"bookPrice":"150.00"},{"bookImg":"/public/img/a1.jpg","bookId":"5e945b59d2a4314128aeda43","bookName":"小熊和最好的爸爸","bookNum":1,"bookPrice":"17.50"}],"userId":"5eb282087225995974ed1061","total":"167.5","num":"2","state":"3","addr":{"name":"洋洋","tel":"18888888888","addr":"山西省太原市小店区广州航海学院","flag":true},"orderId":"1588757243462","__v":0}
