{"_id":{"$oid":"5e95a15cad76635a2858f7c1"},"img":"/public/img/swipe/swipe1.jpg","__v":0}
{"_id":{"$oid":"5e95a15cad76635a2858f7c2"},"img":"/public/img/swipe/swipe2.jpg","__v":0}
{"_id":{"$oid":"5e95a15cad76635a2858f7c3"},"img":"/public/img/swipe/swipe3.jpg","__v":0}
{"_id":{"$oid":"5e9fdfbc70130d49384d6424"},"img":"/public/img/swipe/swipe1.jpg","__v":0}
{"_id":{"$oid":"5e9fdfbc70130d49384d6425"},"img":"/public/img/swipe/swipe2.jpg","__v":0}
{"_id":{"$oid":"5e9fdfbc70130d49384d6426"},"img":"/public/img/swipe/swipe3.jpg","__v":0}
{"_id":{"$oid":"5e9fdfbc70130d49384d6427"},"img":"/public/img/swipe/swipe4.jpg","__v":0}
