{"_id":{"$oid":"5e9fc047e964fb408cdb8147"},"avatar":"/public/img/avatar.jpg","password":["e10adc3949ba59abbe56e057f20f883e"],"addrs":[{"name":"yy","tel":"15555555555","addr":"河北省石家庄市长安区河北大学","flag":true},{"name":"东东","tel":"15556688668","addr":"北京市市辖区朝阳区北京大学东门","flag":false},{"name":"永远","tel":"18888888888","addr":"河北省石家庄市长安区河北大学","flag":false}],"cart":[{"bookId":"5e945b59d2a4314128aeda45","num":2}],"order":[],"bookcomments":[],"name":"1234","tel":"15555555555","__v":0}
{"_id":{"$oid":"5ea2ed66ebd59f2cb030c0ba"},"avatar":"/public/img/avatar.jpg","password":["e10adc3949ba59abbe56e057f20f883e"],"addrs":[{"name":"东子","tel":"15018558888","addr":"河北省石家庄市长安区河北大学","flag":"true"}],"cart":[{"bookId":"5e945b59d2a4314128aeda43","num":4}],"order":[],"bookcomments":[],"name":"东子","tel":"15018558888","__v":0}
{"_id":{"$oid":"5eb25f047225995974ed1054"},"avatar":"/public/img/avatar.jpg","password":["e10adc3949ba59abbe56e057f20f883e"],"addrs":[{"name":"ydx","tel":"14666666666","addr":"江苏省南京市玄武区江苏大学","flag":false},{"name":"dd","tel":"16777777777","addr":"山西省太原市小店区山西大学","flag":true}],"cart":[],"order":[],"bookcomments":[],"name":"ydx","tel":"14666666666","__v":0}
{"_id":{"$oid":"5eb282087225995974ed1061"},"avatar":"/public/img/avatar.jpg","password":["e10adc3949ba59abbe56e057f20f883e"],"addrs":[{"name":"洋洋","tel":"18888888888","addr":"山西省太原市小店区广州航海学院","flag":true}],"cart":[],"order":[],"bookcomments":[],"name":"tlm","tel":"16666666666","__v":0}
